Probability Of 3.5-Instruct,Success Rate
0.0,0.0
0.05263157894736842,0.0
0.10526315789473684,0.2
0.15789473684210525,0.0
0.21052631578947367,0.0
0.2631578947368421,0.6
0.3157894736842105,0.8
0.3684210526315789,0.4
0.42105263157894735,0.4
0.47368421052631576,0.6
0.5263157894736842,0.4
0.5789473684210527,0.6
0.631578947368421,0.4
0.6842105263157895,0.4
0.7368421052631579,0.4
0.7894736842105263,0.8
0.8421052631578947,0.8
0.8947368421052632,0.8
0.9473684210526315,1.0
1.0,1.0
